<?xml version="1.0" encoding="UTF-8" standalone="no"?><TaskList Version="2.0"><Task Active="false" ConnectorKind="local" CreationDate="2014-03-29 17:49:53.662 -0700" DueDate="" EndDate="" Estimated="0" Handle="local-2" IssueURL="" Kind="bugzilla" Label="New Task" LastModified="now" MarkReadPending="true" ModificationDate="" Notes="" NotifiedIncoming="true" Owner="local" Priority="P3" Reminded="false" RepositoryUrl="local" ScheduledEndDate="2014-03-29 23:59:59.999 -0700" ScheduledStartDate="2014-03-23 00:00:00.0 -0700" Stale="false" TaskId="2" offlineSyncState="OUTGOING_NEW"><Attribute Key="outgoingNewRepositoryUrl">https://bugs.eclipse.org/bugs</Attribute><Attribute Key="outgoingNewConnectorKind">bugzilla</Attribute></Task><Task Active="false" ConnectorKind="local" CreationDate="2014-03-29 17:39:57.328 -0700" DueDate="" EndDate="" Estimated="0" Handle="local-1" IssueURL="" Kind="bugzilla" Label="New Task" LastModified="now" MarkReadPending="true" ModificationDate="" Notes="" NotifiedIncoming="true" Owner="local" Priority="P3" Reminded="false" RepositoryUrl="local" ScheduledEndDate="2014-03-29 23:59:59.999 -0700" ScheduledStartDate="2014-03-23 00:00:00.0 -0700" Stale="false" TaskId="1" offlineSyncState="OUTGOING_NEW"><Attribute Key="outgoingNewRepositoryUrl">https://bugs.eclipse.org/bugs</Attribute><Attribute Key="outgoingNewConnectorKind">bugzilla</Attribute></Task><TaskCategory Handle="Uncategorized" Name="Uncategorized"/></TaskList>